Latin_Name,Age,DBH,Allo,,,,,
 Muntingia calabura,8,14.3,1,,,,,
 Muntingia calabura,6,8,1,,,,,
 Muntingia calabura,7,11,1,,,,,
 Muntingia calabura,3,2,1,,,,,
 Muntingia calabura,4,3,1,,,,,
Abroma augusta,26,27,1,,,,,
Abroma augusta,28,30,1,,,,,
Abroma augusta,15,25,1,,,,,
Abroma augusta,11,15,1,,,,,
Abroma augusta,5,6,1,,,,,
Abroma augusta,10,12.5,1,,,,,
Afzelia rhomboidei,2,4,1,,,,,
Afzelia rhomboidei,7,12,1,,,,,
Afzelia rhomboidei,9,15,1,,,,,
Afzelia rhomboidei,15,22,1,,,,,
Afzelia rhomboidei,50,38.1,1,,,,,
Agathis philippinensis,60,63.6,1,,,,,
Agathis philippinensis,65,73,1,,,,,
Agathis philippinensis,50,60,1,,,,,
Agathis philippinensis,50,47.7,1,,,,,
Agathis philippinensis,30,45.8,1,,,,,
Agathis philippinensis,10,10,1,,,,,
Agathis philippinensis,28,30,1,,,,,
Aleurites moluccana,5,14.3,1,,,,,
Aleurites moluccana,10,27.6,1,,,,,
Aleurites moluccana,15,36.6,1,,,,,
Aleurites moluccana,20,40.4,1,,,,,
Aleurites moluccana,25,42.8,1,,,,,
Alstonia scholaris,3.5,10,1,,,,,
Alstonia scholaris,5,15.8,1,,,,,
Alstonia scholaris,18,51,1,,,,,
Alstonia scholaris,40,109,1,,,,,
Alstonia scholaris,40,35,1,,,,,
Alstonia scholaris,45,40,1,,,,,
Alstonia scholaris,46,41,1,,,,,
Alstonia scholaris,55,75,1,,,,,
Alstonia scholaris,60,107,1,,,,,
Alstonia scholaris,70,150,1,,,,,
Archidendron sp.,30,15.2,1,,,,,
Archidendron sp.,20,28.7,1,,,,,
Archidendron sp.,10,1.5,1,,,,,
Archidendron sp.,10,3.5,1,,,,,
Archidendron sp.,50,15.2,1,,,,,
Artocarpus blancoi,9.9,10,1,,,,,
Artocarpus blancoi,12,11,1,,,,,
Artocarpus blancoi,12,22,1,,,,,
Artocarpus blancoi,12,27,1,,,,,
Artocarpus blancoi,30,30,1,,,,,
Azadirachta excelsa,6,9.1,1,,,,,
Azadirachta excelsa,10,13.3,1,,,,,
Azadirachta excelsa,15,35,1,,,,,
Azadirachta excelsa,7,15,1,,,,,
Azadirachta excelsa,5,8.5,1,,,,,
Azadirachta excelsa,7,13,1,,,,,
Azadirachta excelsa,41,51.8,1,,,,,
Bischofia javanica,12,11,1,,,,,
Bischofia javanica,14,23,1,,,,,
Bischofia javanica,14,22,1,,,,,
Bischofia javanica,34,51,1,,,,,
Canaga odorata,15,14,1,,,,,
Canaga odorata,19,23,1,,,,,
Canaga odorata,25,26,1,,,,,
Canaga odorata,12,18,1,,,,,
Canaga odorata,15,30,1,,,,,
Canaga odorata,5,7,1,,,,,
Canaga odorata,7,12,1,,,,,
Canarium ovatum,25,30,1,,,,,
Canarium ovatum,27,35,2,,,,,
Canarium ovatum,25,33,2,,,,,
Canarium ovatum,5,15,2,,,,,
Canarium ovatum,20,42,2,,,,,
Canarium ovatum,11,17,2,,,,,
Canarium ovatum,11,18,2,,,,,
Canarium ovatum,11,20,1,,,,,
Canarium ovatum,11,18,1,,,,,
Canarium ovatum,11,23,1,,,,,
Canarium ovatum,11,22,1,,,,,
Canarium ovatum,11,19,1,,,,,
Canarium ovatum,11,20,1,,,,,
Ceiba pentandra,10,30,1,,,,,
Ceiba pentandra,8,24,1,,,,,
Ceiba pentandra,6,21.1,1,,,,,
Ceiba pentandra,6,18,1,,,,,
Ceiba pentandra,4,12,1,,,,,
Ceiba pentandra,200,183,1,,,,,
Cinnamomum mercadoi,12,14.4,1,,,,,
Cinnamomum mercadoi,3,3,1,,,,,
Cinnamomum mercadoi,1,1,1,,,,,
Cinnamomum mercadoi,1,1,1,,,,,
Cinnamomum mercadoi,25,30,1,,,,,
Cinnamomum mercadoi,50,67,1,,,,,
Cinnamomum mercadoi,22,24,1,,,,,
Cinnamomum mercadoi,25,30,1,,,,,
Cinnamomum mercadoi,25,30,1,,,,,
Cinnamomum mercadoi,20,20,1,,,,,
Cinnamomum mercadoi,12,14.4,1,,,,,
Cinnamomum mercadoi,90,60.96,1,,,,,
Cinnamomum mercadoi,280,139.7,1,,,,,
Cinnamomum mercadoi,4,6.366385485,1,,,,,
Cinnamomum mercadoi,12,13.36940952,1,,,,,
Cinnamomum mercadoi,5,8.594620404,1,,,,,
Cinnamomum mercadoi,4,5.729746936,1,,,,,
Commersonia sp.,3,2,1,,,,,
Commersonia sp.,9,6,1,,,,,
Commersonia sp.,10,9,1,,,,,
Commersonia sp.,18,45,1,,,,,
Commersonia sp.,1,2,1,,,,,
Commersonia sp.,3,7.62,1,,,,,
Commersonia sp.,11,15,1,,,,,
Commersonia sp.,13,18.5,1,,,,,
Commersonia sp.,20,26,1,,,,,
Commersonia sp.,20,27,1,,,,,
Commersonia sp.,40,22,1,,,,,
Cordia dichotoma,9,20,1,,,,,
Cordia dichotoma,60,100,1,,,,,
Cordia dichotoma,4.5,7.31,1,,,,,
Cordia dichotoma,14,27,1,,,,,
Cordia dichotoma,30,39,1,,,,,
Cordia dichotoma,43,50,1,,,,,
Cordia dichotoma,88,62,1,,,,,
Cordia dichotoma,4,7.957981856,1,,,,,
Cratoxylum sumatranum,40,56,1,,,,,
Cratoxylum sumatranum,50,65,1,,,,,
Cratoxylum sumatranum,30,45,1,,,,,
Cratoxylum sumatranum,7,7,1,,,,,
Cratoxylum sumatranum,15,20,1,,,,,
Cratoxylum sumatranum,3,4.5,1,,,,,
Cratoxylum sumatranum,1,1,1,,,,,
Cratoxylum sumatranum,15,26,1,,,,,
Cratoxylum sumatranum,16,25,1,,,,,
Cratoxylum sumatranum,25,52,1,,,,,
Cratoxylum sumatranum,18,30,2,,,,,
Didymocheton gaudichaudianum,6,7,2,,,,,
Didymocheton gaudichaudianum,9,14,2,,,,,
Didymocheton gaudichaudianum,15,17,2,,,,,
Didymocheton gaudichaudianum,7,7,2,,,,,
Didymocheton gaudichaudianum,13,21,2,,,,,
Didymocheton gaudichaudianum,23,29,2,,,,,
Didymocheton gaudichaudianum,24,36,2,,,,,
Didymocheton gaudichaudianum,24,31,1,,,,,
Dillenia philippinensis,7,15,1,,,,,
Dillenia philippinensis,30,80,1,,,,,
Dillenia philippinensis,2,1.5,1,,,,,
Dillenia philippinensis,2,1.2,1,,,,,
Dillenia philippinensis,3,5,1,,,,,
Dillenia philippinensis,22,15,1,,,,,
Dillenia philippinensis,34,22,1,,,,,
Dillenia philippinensis,40,30,1,,,,,
Diplodiscus paniculatus,10,15,1,,,,,
Diplodiscus paniculatus,8,12,1,,,,,
Diplodiscus paniculatus,7,10,1,,,,,
Diplodiscus paniculatus,8,5,1,,,,,
Diplodiscus paniculatus,8,8,1,,,,,
Diplodiscus paniculatus,8,9,1,,,,,
Diplodiscus paniculatus,24,15,1,,,,,
Diplodiscus paniculatus,25,16,1,,,,,
Diplodiscus paniculatus,26,20,1,,,,,
Diplodiscus paniculatus,27,23,1,,,,,
Diplodiscus paniculatus,40,38,1,,,,,
Diplodiscus paniculatus,50,56,1,,,,,
Dipterocarpus grandiflorus,5,8.5,1,,,,,
Dipterocarpus grandiflorus,14,13,1,,,,,
Dipterocarpus grandiflorus,43,18,1,,,,,
Dipterocarpus grandiflorus,62,27,1,,,,,
Dipterocarpus grandiflorus,73,34,1,,,,,
Dipterocarpus grandiflorus,86,37,1,,,,,
Dipterocarpus grandiflorus,12,18,1,,,,,
Dipterocarpus grandiflorus,23,47.5,1,,,,,
Dracontomelon dao,8.6,10,1,,,,,
Dracontomelon dao,12,15.3,1,,,,,
Dracontomelon dao,25.7,30,1,,,,,
Dracontomelon dao,5,4.7,1,,,,,
Dracontomelon dao,3,2.5,1,,,,,
Dracontomelon dao,3,4.1,1,,,,,
Dracontomelon dao,7,19.4,1,,,,,
Dracontomelon dao,7,16.8,1,,,,,
Erythrina variegata,20,50,1,,,,,
Erythrina variegata,100,76.2,1,,,,,
Erythrina variegata,3,6,1,,,,,
Erythrina variegata,14,35,1,,,,,
Erythrina variegata,4,11,1,,,,,
Ficus sp.,3,6.6,1,,,,,
Ficus sp.,2,3.8,1,,,,,
Ficus sp.,5,11.2,1,,,,,
Ficus sp.,4,13,1,,,,,
Ficus sp.,3,10.9,1,,,,,
Ficus sp.,19,58,1,,,,,
Ficus sp.,100,91.4,1,,,,,
Ficus sp.,7,8.5,1,,,,,
Ficus sp.,7,14,1,,,,,
Ficus sp.,7,11,1,,,,,
Ficus sp.,3,10.9,1,,,,,
Ficus sp.,19,58,1,,,,,
Ficus sp.,100,91.4,1,,,,,
Ficus sp.,5,9,1,,,,,
Ficus sp.,2,3,1,,,,,
Ficus sp.,3,2.5,1,,,,,
Ficus sp.,3,2,1,,,,,
Ficus sp.,2,2,1,,,,,
Ficus sp.,2,2,1,,,,,
Ficus sp.,2,3,1,,,,,
Ficus sp.,2,3,1,,,,,
Ficus sp.,2,2.5,1,,,,,
Ficus sp.,3,10.9,1,,,,,
Ficus sp.,19,58,1,,,,,
Ficus sp.,100,91.4,1,,,,,
Ficus sp.,4,6,1,,,,,
Ficus sp.,4,4.7,1,,,,,
Ficus sp.,3,10.9,1,,,,,
Ficus sp.,19,58,1,,,,,
Ficus sp.,100,91.4,1,,,,,
Ficus sp.,1,1,1,,,,,
Ficus sp.,1,1.5,1,,,,,
Ficus sp.,1,1,1,,,,,
Ficus sp.,2,2,1,,,,,
Ficus sp.,3,4.1,1,,,,,
Ficus sp.,10,20,1,,,,,
Ficus sp.,10,18,1,,,,,
Ficus sp.,10,20,1,,,,,
Garuga floribunda,5,9,1,,,,,
Garuga floribunda,8,17,1,,,,,
Garuga floribunda,3,3,1,,,,,
Garuga floribunda,3,4.4,1,,,,,
Garuga floribunda,80,150,1,,,,,
Garuga floribunda,3,6.6,2,,,,,
Garuga floribunda,25,25,2,,,,,
Garuga floribunda,30,35,2,,,,,
Garuga floribunda,40,50,2,,,,,
Garuga floribunda,42,52,2,,,,,
Hibiscus tiliaceus,5,22,2,,,,,
Hibiscus tiliaceus,6,22,2,,,,,
Hibiscus tiliaceus,8,23,2,,,,,
Hibiscus tiliaceus,7,23,2,,,,,
Hibiscus tiliaceus,9,25,2,,,,,
Hibiscus tiliaceus,6,3.8,2,,,,,
Hibiscus tiliaceus,12,7.7,2,,,,,
Hibiscus tiliaceus,25,16,2,,,,,
Hibiscus tiliaceus,3,19,1,,,,,
Hibiscus tiliaceus,3,23.8,1,,,,,
Hibiscus tiliaceus,3,15.9,1,,,,,
Hibiscus tiliaceus,3,15.2,1,,,,,
Hibiscus tiliaceus,11,28,1,,,,,
Hibiscus tiliaceus,10,25,1,,,,,
Hibiscus tiliaceus,10,26,1,,,,,
Intsia bijuga,5,7.2,1,,,,,
Intsia bijuga,3,4,1,,,,,
Intsia bijuga,3,5,1,,,,,
Intsia bijuga,3,3,1,,,,,
Intsia bijuga,8,15,1,,,,,
Intsia bijuga,12,17.2,1,,,,,
Intsia bijuga,100,50,1,,,,,
Kleinhovia hospita,20,34,1,,,,,
Kleinhovia hospita,30,40,1,,,,,
Kleinhovia hospita,35,42,1,,,,,
Kleinhovia hospita,5,22,1,,,,,
Kleinhovia hospita,4,7.3,1,,,,,
Kleinhovia hospita,36,88,1,,,,,
Lagerstroemia speciosa,9,14.5,1,,,,,
Lagerstroemia speciosa,11,17.5,1,,,,,
Lagerstroemia speciosa,20,25.3,1,,,,,
Lagerstroemia speciosa,11,17.1,1,,,,,
Lagerstroemia speciosa,8,10.8,1,,,,,
Lagerstroemia speciosa,11,13.3,1,,,,,
Lagerstroemia speciosa,11,16,1,,,,,
Lagerstroemia speciosa,7,8.5,1,,,,,
Lagerstroemia speciosa,7,10,1,,,,,
Lagerstroemia speciosa,11,14,1,,,,,
Lagerstroemia speciosa,15,25,1,,,,,
Lagerstroemia speciosa,17,27,1,,,,,
Lagerstroemia speciosa,19,28,1,,,,,
Lithocarpus sulithi,2,2,1,,,,,
Lithocarpus sulithi,2,3,1,,,,,
Lithocarpus sulithi,2,2.5,1,,,,,
Lithocarpus sulithi,6,7,1,,,,,
Lithocarpus sulithi,30,30,1,,,,,
Lithocarpus sulithi,30,30,1,,,,,
Lithocarpus sulithi,20,26,1,,,,,
Litsea philippinensis,12,10.5,2,,,,,
Litsea philippinensis,4,5,2,,,,,
Litsea philippinensis,3,3,2,,,,,
Litsea philippinensis,3,4.5,2,,,,,
Litsea philippinensis,35,40,1,,,,,
Litsea philippinensis,35,43,1,,,,,
Litsea philippinensis,45,52,1,,,,,
Litsea philippinensis,47,59,1,,,,,
Litsea philippinensis,47,62,1,,,,,
Macaranga tanarius,11,18,1,,,,,
Macaranga tanarius,9,17,1,,,,,
Macaranga tanarius,9,15,1,,,,,
Macaranga tanarius,6,4.9,1,,,,,
Macaranga tanarius,15,12.3,1,,,,,
Macaranga tanarius,30,24.6,1,,,,,
Macaranga tanarius,2,4.7,1,,,,,
Macaranga tanarius,2,7.6,1,,,,,
Macaranga tanarius,4,10.1,1,,,,,
Melanolepis multiglandulosa,6,9,1,,,,,
Melanolepis multiglandulosa,2,8.5,1,,,,,
Melanolepis multiglandulosa,2,6,1,,,,,
Melanolepis multiglandulosa,2,7,1,,,,,
Melanolepis multiglandulosa,2,6.3,1,,,,,
Melanolepis multiglandulosa,19,32,1,,,,,
Melanolepis multiglandulosa,19,31,1,,,,,
Melanolepis multiglandulosa,19,30,1,,,,,
Morinda citrifolia,8,10.8,1,,,,,
Morinda citrifolia,4,8,2,,,,,
Morinda citrifolia,6,12,2,,,,,
Morinda citrifolia,8,14.81,2,,,,,
Morinda citrifolia,8,12.41,2,,,,,
Morinda citrifolia,8,13.78,2,,,,,
Morinda citrifolia,8,10.83,2,,,,,
Morinda citrifolia,25,40,2,,,,,
Morinda citrifolia,35,56,2,,,,,
Morinda citrifolia,41,64,2,,,,,
Morinda citrifolia,42,65,2,,,,,
Nauclea orientalis,5,9.2,2,,,,,
Nauclea orientalis,41,33.8,2,,,,,
Nauclea orientalis,5,3.5,1,,,,,
Nauclea orientalis,6,8,1,,,,,
Neonauclea formicarcia,15,23,1,,,,,
Neonauclea formicarcia,15,20,1,,,,,
Neonauclea formicarcia,15,17,2,,,,,
Neonauclea formicarcia,4,6,2,,,,,
Neonauclea formicarcia,4,5.5,2,,,,,
Neonauclea formicarcia,3,3,2,,,,,
Neonauclea formicarcia,3,2,2,,,,,
Omalanthus populneus,1,2.5,2,,,,,
Omalanthus populneus,4,2.5,2,,,,,
Omalanthus populneus,3,2,2,,,,,
Omalanthus populneus,4,4,2,,,,,
Omalanthus populneus,5,3.8,1,,,,,
Omalanthus populneus,5,3.1,1,,,,,
Omalanthus populneus,9,16,1,,,,,
Omalanthus populneus,11,23,1,,,,,
Omalanthus populneus,14,28,1,,,,,
Pachira aquatica,15,28,1,,,,,
Pachira aquatica,15,32,1,,,,,
Pachira aquatica,2,4.5,1,,,,,
Pachira aquatica,2,4,1,,,,,
Pachira aquatica,1,2,1,,,,,
Pachira aquatica,1,2,1,,,,,
Pachira aquatica,2,5,1,,,,,
Palaquium sp.,10,19,1,,,,,
Palaquium sp.,3,3,1,,,,,
Palaquium sp.,4,4,1,,,,,
Palaquium sp.,4,4,1,,,,,
Palaquium sp.,10,19,1,,,,,
Palaquium sp.,2,3,1,,,,,
Palaquium sp.,4,4,1,,,,,
Palaquium sp.,4,4,1,,,,,
Palaquium sp.,15,31,1,,,,,
Palaquium sp.,15,28,1,,,,,
Palaquium sp.,10,21,1,,,,,
Palaquium sp.,10,20,1,,,,,
Pangium edule,2,2,1,,,,,
Pangium edule,2,1,1,,,,,
Pangium edule,28,67,1,,,,,
Pangium edule,35,95,1,,,,,
Parashorea malaanonan,12,7.8,1,,,,,
Parashorea malaanonan,70,44.8,1,,,,,
Parashorea malaanonan,4,10,1,,,,,
Parashorea malaanonan,3,4,1,,,,,
Parashorea malaanonan,4,5,1,,,,,
Parashorea malaanonan,2,2,1,,,,,
Parashorea malaanonan,5,4,1,,,,,
Parashorea malaanonan,2,2,1,,,,,
Parashorea malaanonan,2,2,1,,,,,
Parkia roxburghii,6,13.8,1,,,,,
Parkia roxburghii,15,34.5,1,,,,,
Parkia roxburghii,30,69,1,,,,,
Parkia roxburghii,2,3,1,,,,,
Parkia roxburghii,2,2,1,,,,,
Parkia roxburghii,2,2,1,,,,,
Parkia roxburghii,2,1.5,1,,,,,
Parkia roxburghii,2,1,2,,,,,
Parkia roxburghii,40,28,2,,,,,
Parkia roxburghii,45,35,2,,,,,
Parkia roxburghii,50,40,2,,,,,
Parkia roxburghii,53,45,2,,,,,
Petersianthus quadrialatus,300,360,2,,,,,
Petersianthus quadrialatus,60,82.76,2,,,,,
Petersianthus quadrialatus,5,8.5,2,,,,,
Petersianthus quadrialatus,2,3.8,2,,,,,
Petersianthus quadrialatus,7,10,2,,,,,
Petersianthus quadrialatus,7,10,2,,,,,
Petersianthus quadrialatus,7,13,1,,,,,
Petersianthus quadrialatus,6,12.1,1,,,,,
Petersianthus quadrialatus,7,16,1,,,,,
Piliostigma malabaricum,20,40,1,,,,,
Piliostigma malabaricum,30,45,1,,,,,
Piliostigma malabaricum,25,43,1,,,,,
Piliostigma malabaricum,20,41,1,,,,,
Piliostigma malabaricum,0.3,1.1,1,,,,,
Piliostigma malabaricum,8,16,2,,,,,
Piliostigma malabaricum,8,18,2,,,,,
Piliostigma malabaricum,8,24,2,,,,,
Piliostigma malabaricum,4,13,2,,,,,
Piliostigma malabaricum,4,10,2,,,,,
Piliostigma malabaricum,14,32,2,,,,,
Piliostigma malabaricum,14,30,2,,,,,
Piliostigma malabaricum,14,28,2,,,,,
Piliostigma malabaricum,14,29,2,,,,,
Piliostigma malabaricum,14,27,2,,,,,
Pometia pinnata,34,43,2,,,,,
Pometia pinnata,25,30,2,,,,,
Pometia pinnata,57,89,2,,,,,
Pometia pinnata,12,13,2,,,,,
Pometia pinnata,16,14.4,2,,,,,
Pometia pinnata,30,27,2,,,,,
Pometia pinnata,13,16.8,2,,,,,
Pometia pinnata,16,20,2,,,,,
Pometia pinnata,2,3,2,,,,,
Pterocarpus indicus,6,10,2,,,,,
Pterocarpus indicus,12,25,2,,,,,
Pterocarpus indicus,15,30,2,,,,,
Pterocarpus indicus,15,43,2,,,,,
Pterocarpus indicus,35,85,2,,,,,
Pterocarpus indicus,25,53,2,,,,,
Pterocarpus indicus,10,20,2,,,,,
Pterocarpus indicus,70,105,2,,,,,
Pterocarpus indicus,12,10.2,1,,,,,
Pterocarpus indicus,36,78,1,,,,,
Pterocarpus indicus,48,112,1,,,,,
Pterospermum diversifolium,12,15.5,1,,,,,
Pterospermum diversifolium,4,5,1,,,,,
Pterospermum diversifolium,4,5,1,,,,,
Pterospermum diversifolium,4,5,1,,,,,
Pterospermum diversifolium,5,7,1,,,,,
Pterospermum diversifolium,50,76,1,,,,,
Pterospermum diversifolium,12,15.5,1,,,,,
Pterospermum diversifolium,19,25,1,,,,,
Pterospermum diversifolium,24,21.5,1,,,,,
Pterospermum diversifolium,25,22,1,,,,,
Pterospermum diversifolium,35,29,1,,,,,
Pterospermum diversifolium,45,50,1,,,,,
Shorea sp.,2,5,1,,,,,
Shorea sp.,7,9,1,,,,,
Shorea sp.,9,14,1,,,,,
Shorea sp.,12,14.6,1,,,,,
Shorea sp.,13,21,1,,,,,
Shorea sp.,26,30,1,,,,,
Shorea sp.,60,61,1,,,,,
Shorea sp.,28,43,1,,,,,
Shorea sp.,37,60,1,,,,,
Shorea sp.,2,5,1,,,,,
Shorea sp.,7,9,1,,,,,
Shorea sp.,9,14,1,,,,,
Shorea sp.,12,14.6,1,,,,,
Shorea sp.,13,21,1,,,,,
Shorea sp.,26,30,1,,,,,
Shorea sp.,60,61,1,,,,,
Shorea sp.,2,5,1,,,,,
Shorea sp.,7,9,2,,,,,
Shorea sp.,9,14,2,,,,,
Shorea sp.,12,14.6,2,,,,,
Shorea sp.,13,21,2,,,,,
Shorea sp.,26,30,2,,,,,
Shorea sp.,60,61,2,,,,,
Shorea sp.,2,5,2,,,,,
Shorea sp.,7,9,2,,,,,
Shorea sp.,9,14,2,,,,,
Shorea sp.,12,14.6,2,,,,,
Shorea sp.,13,21,2,,,,,
Shorea sp.,26,30,2,,,,,
Shorea sp.,60,61,2,,,,,
Spondias pinnata,30,30,2,,,,,
Spondias pinnata,8,10,2,,Spondias pinnata,30,30,1
Spondias pinnata,11,12,2,,,,,
Spondias pinnata,20,18,2,,,,,
Spondias pinnata,25,21,2,,,,,
Spondias pinnata,30,30,1,,,,,
Sterculia foetida,43,30,2,,,,,
Sterculia foetida,45,35,2,,,,,
Sterculia foetida,22,20,2,,,,,
Sterculia foetida,6,7.8,2,,,,,
Sterculia foetida,15,19.5,2,,,,,
Sterculia foetida,30,39,2,,,,,
Sterculia foetida,4,7.9,2,,,,,
Sterculia foetida,2,3.5,2,,,,,
Sterculia foetida,2,3,2,,,,,
Sterculia rubiginosa,6,7.8,2,,,,,
Sterculia rubiginosa,15,19.5,2,,,,,
Sterculia rubiginosa,30,39,2,,,,,
Sterculia rubiginosa,4,3,2,,,,,
Sterculia rubiginosa,7,7,2,,,,,
Sterculia rubiginosa,10,10.1,2,,,,,
Sterculia rubiginosa,15,9.5,2,,,,,
Syzygium sp.,12,9,2,,,,,
Syzygium sp.,60,40,2,,,,,
Syzygium sp.,2,1.5,2,,,,,
Syzygium sp.,2,1.5,2,,,,,
Syzygium sp.,1,1.3,2,,,,,
Syzygium sp.,1,1.3,2,,,,,
Syzygium sp.,1,1.3,2,,,,,
Syzygium sp.,50,49,,,,,,
Syzygium sp.,14,23,,,,,,
Syzygium sp.,38,32,,,,,,
Syzygium sp.,8,14,,,,,,
Syzygium sp.,10,20,,,,,,
Syzygium sp.,8,12,,,,,,
Syzygium sp.,9,14.9,,,,,,
Syzygium sp.,30,29.6,,,,,,
Terminalia sp.,40,67,,,,,,
Terminalia sp.,25,31,,,,,,
Terminalia sp.,18,28,,,,,,
Terminalia sp.,15,23,,,,,,
Terminalia sp.,8,10,,,,,,
Terminalia sp.,23,30,,,,,,
Terminalia sp.,6,19.7,,,,,,
Terminalia sp.,5,16.5,,,,,,
Terminalia sp.,5,16.2,,,,,,
Terminalia sp.,5,11.1,,,,,,
Terminalia sp.,60,87,,,,,,
Terminalia sp.,60,83,,,,,,
Terminalia sp.,55,69,,,,,,
Terminalia sp.,58,78,,,,,,
Terminalia sp.,47,55,,,,,,
Terminalia sp.,12,21.7,,,,,,
Terminalia sp.,23,30,,,,,,
Terminalia sp.,5,6,,,,,,
Theobroma cacao,3,8,,,,,,
Theobroma cacao,2,6,,,,,,
Theobroma cacao,2,7,,,,,,
Theobroma cacao,2,4,,,,,,
Theobroma cacao,2,3.8,,,,,,
Trema orientalis,2,21.3,,,,,,
Trema orientalis,30,71.5,,,,,,
Trema orientalis,4,11,,,,,,
Trema orientalis,6,30,,,,,,
Trema orientalis,5,19,,,,,,
Trema orientalis,5,16,,,,,,
Trema orientalis,4,9,,,,,,
Trema orientalis,4,7,,,,,,
Vitex parviflora,20,35,,,,,,
Vitex parviflora,20,45,,,,,,
Vitex parviflora,21,38,,,,,,
Vitex parviflora,30,57,,,,,,
Vitex parviflora,2,6,,,,,,
Vitex parviflora,6,8,,,,,,
Vitex parviflora,9.4,10,,,,,,
Vitex parviflora,10,11,,,,,,
Vitex parviflora,15,21,,,,,,
Vitex parviflora,20,33,,,,,,
