Scientific Name,Common Name,,Diameter(cm),Age(year),Methodology/Source,
Agathis philippinensis,Almaciga,,63.6,60,Based on time planted,
Agathis philippinensis,Almaciga,,73,65,Based on time planted,
Agathis philippinensis,Almaciga,,60,50,Based on time planted,
Agathis philippinensis,Almaciga,,47.7,50,Based on time planted,
Agathis philippinensis,Almaciga,,45.8,30,Based on time planted,
,,,,,,
Archedendron sp.,,,15.2,30,https://smujo.id/biodiv/article/download/9381/5224/50258,
Archedendron sp.,,,28.7,20,101373.pdf (scitepress.org),
Archedendron sp.,,,1.5,10,pdf (iop.org),
Archedendron sp.,,,3.5,10,pdf (iop.org),
,,,,,,
Canaga odorata,Ylang-ylang,,14,15,Based on time planted,
Canaga odorata,Ylang-ylang,,23,19,Based on time planted,
Canaga odorata,Ylang-ylang,,26,25,Based on time planted,
,,,,,,
Canarium ovatum,Pili,,30,25,Based on time planted,
Canarium ovatum,Pili,,35,27,Based on time planted,
Canarium ovatum,Pili,,33,25,Based on time planted,
,,,,,,
Cratoxylum sumatranum,Paguringon,,56,40,"Tropical Plants Database, Ken Fern. tropical.theferns.info. 2024-09-15. <tropical.theferns.info/viewtropical.php?id=Cratoxylum+sumatranum>; Sosef, M.S.M., 1993. Cratoxylum sumatranum (Jack) Blume. In: Soerianegara, I. and Lemmens, R.H.M.J. (Editors): Plant Resources of South-East Asia No 5(1): Timber trees; Major commercial timbers. PROSEA Foundation, Bogor, Indonesia. Database record: prota4u.org/prosea",
Cratoxylum sumatranum,Paguringon,,65,50,Tree growth in Philippine rainforests: An analysis. Philippine Journal of Science. Retrieved from https://www.science.ph/philippine-journal-of-science/,
Cratoxylum sumatranum,Paguringon,,45,30,"Growth and yield of tropical trees. Forest Ecology and Management, 99(1), 61-75. https://www.sciencedirect.com/journal/forest-ecology-and-management",
,,,,,,
Coomersonia sp.,Kansilay,,2,3,Based on time planted,
Coomersonia sp.,Kansilay,,6,9,Based on time planted,
Coomersonia sp.,Kansilay,,9,10,Based on time planted,
Coomersonia sp.,Kansilay,,,,,
,,,,,,
Diplodiscus paniculatus,Balobo,,15,10,Base on time planted,
Diplodiscus paniculatus,Balobo,,12,8,Base on time planted,
Diplodiscus paniculatus,Balobo,,10,7,Base on time planted,
,,,,,,
Dipterocarpus grandiflorus,Apitong,,8.5,5,Forests | Free Full-Text | Domesticating Commercially Important Native Tree Species in the Philippines: Early Growth Performance Level (mdpi.com),
Dipterocarpus grandiflorus,Apitong,,13,14,The Status of Dipterocarpaceae Plants in Taiwan (scirp.org),
Dipterocarpus grandiflorus,Apitong,,18,43,The Status of Dipterocarpaceae Plants in Taiwan (scirp.org),
Dipterocarpus grandiflorus,Apitong,,27,62,The Status of Dipterocarpaceae Plants in Taiwan (scirp.org),
Dipterocarpus grandiflorus,Apitong,,34,73,The Status of Dipterocarpaceae Plants in Taiwan (scirp.org),
Dipterocarpus grandiflorus,Apitong,,37,86,The Status of Dipterocarpaceae Plants in Taiwan (scirp.org),
,,,,,,
Garuga floribunda,Bogo,,9,5,Forests | Free Full-Text | Domesticating Commercially Important Native Tree Species in the Philippines: Early Growth Performance Level (mdpi.com),
Garuga floribunda,Bogo,,17,8,Base on time planted,
Garuga floribunda,Bogo,,,,,
,,,,,,
Hibiscus tiliaceus,Malabago,,22,5,Base on time planted,
Hibiscus tiliaceus,Malabago,,22,6,Base on time planted,
Hibiscus tiliaceus,Malabago,,23,8,Base on time planted,
Hibiscus tiliaceus,Malabago,,23,7,Base on time planted,
Hibiscus tiliaceus,Malabago,,25,9,Base on time planted,
,,,,,,
Kleinhovia hospita,Tan-ag,,34,20,Base on time planted,
Kleinhovia hospita,Tan-ag,,40,30,Base on time planted,
Kleinhovia hospita,Tan-ag,,42,35,Base on time planted,
,,,,,,
Litsea philippinensis Merr.,Bakan-bakan,,40,35,Base on time planted,
Litsea philippinensis Merr.,Bakan-bakan,,43,35,Base on time planted,
Litsea philippinensis Merr.,Bakan-bakan,,52,45,Base on time planted,
Litsea philippinensis Merr.,Bakan-bakan,,59,47,Base on time planted,
Litsea philippinensis Merr.,Bakan-bakan,,62,47,Base on time planted,
,,,,,,
Macaranga tanarius,Binunga,,,,Life span of Binunga is 15 to 20 years/Macaranga tanarius (parasol leaf tree) | CABI Compendium (cabidigitallibrary.org),Macaranga tanarius (parasol leaf tree) | CABI Compendium (cabidigitallibrary.org)
Macaranga tanarius,Binunga,,18,11,Base on time planted,
Macaranga tanarius,Binunga,,17,9,Base on time planted,
Macaranga tanarius,Binunga,,15,9,Base on time planted,
,,,,,,
Palaquim sp.,Nato,,31,15,Base on time planted,
Palaquim sp.,Nato,,28,15,Base on time planted,
Palaquim sp.,Nato,,21,10,Base on time planted,
Palaquim sp.,Nato,,20,10,Base on time planted,
,,,,,,
Petersianthus quadrialatus,Toog,,360,300,"Giant Toog Tree - San Francisco, Agusan del Sur (tarakahitsaan.com)",
Petersianthus quadrialatus,Toog,,82.76,60,The Toog Tree | Toog Tree (Philippine Rosewood) - One of the… | Flickr,
Petersianthus quadrialatus,Toog,,8.5,5,Forests | Free Full-Text | Domesticating Commercially Important Native Tree Species in the Philippines: Early Growth Performance Level (mdpi.com),
,,,,,,
Piliostigma malabaricum,Alibangbang,,40,20,Base on time planted,
Piliostigma malabaricum,Alibangbang,,45,30,Base on time planted,
Piliostigma malabaricum,Alibangbang,,43,25,Base on time planted,
Piliostigma malabaricum,Alibangbang,,41,20,Base on time planted,
,,,,,,
Pterocarpus indicus,Narra,,10,6,Tree Growth Prediction in Relation to Simple Set of Site Quality Indicators for Six Native Tree Species in the Philippines - Santos Martin - 2010 - International Journal of Forestry Research - Wiley Online Library,
Pterocarpus indicus,Narra,,25,12,Tree Growth Prediction in Relation to Simple Set of Site Quality Indicators for Six Native Tree Species in the Philippines - Santos Martin - 2010 - International Journal of Forestry Research - Wiley Online Library,
Pterocarpus indicus,Narra,,30,15,Tree Growth Prediction in Relation to Simple Set of Site Quality Indicators for Six Native Tree Species in the Philippines - Santos Martin - 2010 - International Journal of Forestry Research - Wiley Online Library,
Pterocarpus indicus,Narra,,43,15,Tree Growth Prediction in Relation to Simple Set of Site Quality Indicators for Six Native Tree Species in the Philippines - Santos Martin - 2010 - International Journal of Forestry Research - Wiley Online Library,
Pterocarpus indicus,Narra,,85,35,Base on time planted,
Pterocarpus indicus,Narra,,53,25,Base on time planted,
Pterocarpus indicus,Narra,,20,10,Base on time planted,
Pterocarpus indicus,Narra,,105,70,Base on time planted,
,,,,,,
Sterculia foetida,Kalumpang,,30,43,Based on time planted,
Sterculia foetida,Kalumpang,,35,45,Based on time planted,
Sterculia foetida,Kalumpang,,20,22,Based on time planted,
,,,,,,
Terminalia catappa,Talisay,,67,40,Base on time planted,
Terminalia catappa,Talisay,,31,25,Base on time planted,
Terminalia catappa,Talisay,,28,18,Base on time planted,
Terminalia catappa,Talisay,,23,15,Base on time planted,
,,,,,,
Terminalia copelandii,Lanipao,,87,60,Based on time planted,
Terminalia copelandii,Lanipao,,83,60,Based on time planted,
Terminalia copelandii,Lanipao,,69,55,Based on time planted,
Terminalia copelandii,Lanipao,,78,58,Based on time planted,
Terminalia copelandii,Lanipao,,55,47,Based on time planted,
,,,,,,
Vitex parviflora,Molave,,35,20,Tree Growth Prediction in Relation to Simple Set of Site Quality Indicators for Six Native Tree Species in the Philippines - Santos Martin - 2010 - International Journal of Forestry Research - Wiley Online Library,
Vitex parviflora,Molave,,45,20,Tree Growth Prediction in Relation to Simple Set of Site Quality Indicators for Six Native Tree Species in the Philippines - Santos Martin - 2010 - International Journal of Forestry Research - Wiley Online Library,
Vitex parviflora,Molave,,38,21,Base on time planted,
Vitex parviflora,Molave,,57,30,Base on time planted,